Category,LogP(Article | Summary),LogP(Article | Generated_Response),LogP(Summary | Generated_Response),Is_Outlier,formal,informal,positive,negative
Economy,-0.001627353331162778,-0.0014449700629160951,-0.005372049278372244,0.0,0.026119402985074626,0.07462686567164178,0.05970149253731343,0.014925373134328358
Health,-0.00187399997828365,-0.0016123205667846923,-0.007134709016526912,0.0,0.029850746268656716,0.029850746268656716,0.05970149253731343,0.014925373134328358
Other,-0.0016689426392208267,-0.0014980213402207869,-0.0058524036845241005,0.0,0.0061622731941116055,0.0671003081136597,0.06949674768914756,0.021225607668606643
Politics,-0.0019880257280761185,-0.0017779376392123524,-0.007033117518551017,0.0,0.02912621359223301,0.09385113268608414,0.0744336569579288,0.02912621359223301
Sports,-0.0018013278699729434,-0.0015874121835041846,-0.006960207739274185,0.0,0.0,0.13043478260869565,0.06521739130434782,0.0
Technology,-0.0020054223446194664,-0.001516228938230954,-0.005940749683716992,0.0,0.0390625,0.1953125,0.0546875,0.0078125
