Category,LogP(Article | Summary),LogP(Article | Generated_Response),LogP(Summary | Generated_Response),Is_Outlier,formal,informal,positive,negative
Economy,-0.0017425950769148913,-0.001067549582271262,-0.006420814187301062,0.0,0.002386634844868735,0.007159904534606206,0.06921241050119331,0.007159904534606206
Health,-0.0013506177141360447,-0.000978248659180833,-0.006886706350168248,0.0,0.0,0.023255813953488372,0.11627906976744186,0.0
Other,-0.0015086418649453844,-0.001051383292595946,-0.007830345027749038,0.0,0.003927729772191673,0.0420267085624509,0.08601728201099765,0.01728201099764336
Politics,-0.0015241285704736816,-0.0010983447160289015,-0.007997741504366183,0.0,0.0021551724137931034,0.04956896551724138,0.0625,0.01293103448275862
Sports,-0.001782501823264069,-0.001159102836496994,-0.00556074402134298,0.0,0.0,0.0136986301369863,0.0228310502283105,0.0045662100456621
Technology,-0.0017859350696702609,-0.0010207401008746973,-0.006030280226737718,0.0,0.0,0.027972027972027972,0.013986013986013986,0.027972027972027972
