Subcategory,LogP(Article | Summary),LogP(Article | Generated_Response),LogP(Summary | Generated_Response),Is_Outlier,formal,informal,positive,negative
Economy,-0.0034329662747956675,-0.0017751861992100387,-0.008129541322908225,0.0,0.004600722970752547,0.05257969109431482,0.12947748931975026,0.01248767663489977
Health,-0.0033267587624590043,-0.0017341473247650136,-0.008439406306014308,0.0,0.0019430051813471502,0.04145077720207254,0.11593264248704663,0.02655440414507772
Other,-0.0034601346207324395,-0.0017067315278257364,-0.007054570657550452,0.0,0.03125,0.15625,0.11458333333333333,0.0625
Politics,-0.0037170518831954567,-0.0018170176200895565,-0.007377274567959682,0.0,0.006711409395973154,0.08236729713239781,0.15314215985356924,0.04148871262965223
Sports,-0.004694841996115885,-0.0021804269110725335,-0.007244525870451418,0.0,0.0,0.08333333333333333,0.1875,0.041666666666666664
Technology,-0.003248554151662037,-0.0016423379625234533,-0.00846715010012438,0.0,0.006114130434782609,0.07540760869565218,0.14334239130434784,0.01970108695652174
