Category,LogP(Article | Summary),LogP(Article | Generated_Response),LogP(Summary | Generated_Response),Is_Outlier,formal,informal,positive,negative
Economy,-0.0034006281203978954,-0.0016749994933988172,-0.007543376595960585,0.0,0.008360128617363344,0.037942122186495175,0.059163987138263666,0.010932475884244373
Health,-0.003497720432023412,-0.0017949398722754643,-0.008289809631728252,0.0,0.0,0.06622516556291391,0.09271523178807947,0.006622516556291391
Other,-0.0034351476919804095,-0.0016951633782777123,-0.007774426776180551,0.0,0.0051888152205246466,0.07033727298933411,0.15451138656673394,0.03170942634765062
Politics,-0.003440494468658476,-0.001907163283035945,-0.009355434333342339,0.0,0.0036420395421436005,0.07752341311134235,0.15660770031217483,0.01664932362122789
Sports,-0.003679102592964064,-0.001931351302374897,-0.007254677193334993,0.0,0.0023094688221709007,0.02771362586605081,0.07390300230946882,0.050808314087759814
Technology,-0.0034497927666613235,-0.0015561228079481733,-0.007291644904465708,0.0,0.003205128205128205,0.04807692307692308,0.2564102564102564,0.00641025641025641
