Category,LogP(Article | Summary),LogP(Article | Generated_Response),LogP(Summary | Generated_Response),Is_Outlier,formal,informal,positive,negative
Economy,-0.006388586711430343,-0.002880403384987831,-0.00811800828641493,0.0,0.04439746300211417,0.09936575052854123,0.10782241014799154,0.004933051444679351
Health,-0.006615551504828854,-0.0031174636854170807,-0.009938637451556095,0.0,0.004484304932735426,0.22869955156950672,0.15695067264573992,0.026905829596412557
Other,-0.006306135443084566,-0.0028169199943293656,-0.008329803810392361,0.0,0.018267651888341542,0.1816502463054187,0.14039408866995073,0.020525451559934318
Politics,-0.006669332185345976,-0.0032584777115900075,-0.009671567406161444,0.0,0.016069221260815822,0.10259579728059333,0.07787391841779975,0.02595797280593325
Sports,-0.005894745923044804,-0.0026027347878704115,-0.00776402858629164,0.0,0.016260162601626018,0.22764227642276422,0.3333333333333333,0.15447154471544716
Technology,-0.0072547865359983,-0.0030689179535873736,-0.008332105557200006,0.0,0.04745762711864407,0.34915254237288135,0.2,0.023728813559322035
